{"cameraMode":{"drawMode":0,"name":"Shaded","section":"Shading Mode"},"sceneLighting":false,"audioPlay":false,"sceneViewState":{"m_AlwaysRefresh":false,"showFog":true,"showSkybox":false,"showFlares":true,"showImageEffects":true,"showParticleSystems":true,"showVisualEffectGraphs":true,"m_FxEnabled":true},"in2DMode":false,"pivot":{"x":-0.13465332984924317,"y":0.8514664173126221,"z":-0.0403597354888916},"rotation":{"x":0.19406305253505708,"y":-0.007959680631756783,"z":0.0015020837308838964,"w":0.9810022711753845},"size":1.8537828922271729,"orthographic":false}