{"cameraMode":{"drawMode":0,"name":"Shaded","section":"Shading Mode"},"sceneLighting":false,"audioPlay":false,"sceneViewState":{"m_AlwaysRefresh":false,"showFog":true,"showSkybox":false,"showFlares":true,"showImageEffects":true,"showParticleSystems":true,"showVisualEffectGraphs":true,"m_FxEnabled":true},"in2DMode":false,"pivot":{"x":9.369999885559082,"y":0.7049503922462463,"z":0.1459866166114807},"rotation":{"x":-0.08061649650335312,"y":0.0038935840129852297,"z":0.0002452048356644809,"w":0.9967817068099976},"size":2.148983955383301,"orthographic":false}