{"cameraMode":{"drawMode":0,"name":"Shaded","section":"Shading Mode"},"sceneLighting":true,"audioPlay":false,"sceneViewState":{"m_AlwaysRefresh":false,"showFog":true,"showSkybox":true,"showFlares":true,"showImageEffects":true,"showParticleSystems":true,"showVisualEffectGraphs":true,"m_FxEnabled":true},"in2DMode":false,"pivot":{"x":-4.309999465942383,"y":5.6408562660217289,"z":23.13864517211914},"rotation":{"x":-0.10316921025514603,"y":-0.09206901490688324,"z":-0.009591003879904747,"w":0.9903498291969299},"size":13.14932632446289,"orthographic":false}